"Region","DSE_Moyen","Coverage_Moyenne","Ecart_Type_Coverage","N_Pays","Priorite_Score","Priorite_Niveau","Potentiel_Amelioration","Impact_Relatif"
"Afrique Sub-Saharienne",-1.51666515033202,44.7731333259894,7.62648938347942,25,1.29223262994138,"Très Haute",40.2268666740106,116.25564468789
"Asie du Sud",-0.884515369246285,50.6873079700973,6.07298751144898,20,0.795614080054834,"Haute",34.3126920299027,99.1636799664188
"Amérique Latine",-0.175445140216727,66.4541708205532,8.10484074249051,15,0.238566621612981,"Haute",18.5458291794468,53.5974463286014
"MENA",0.260765919874305,75.5321820342903,3.70978921312028,12,-0.104121947755522,"Moyenne",9.46781796570966,27.3619939209009
"Europe/Asie Centrale",1.1824826600056,86.1003131357888,4.75002843599119,10,-0.828225071075404,"Basse",-1.1003131357888,-3.17990496242962
"Pacifique",1.90274656708974,90.2188048412788,2.94336035844888,8,-1.39406631277827,"Basse",-5.21880484127882,-15.0823459912958
